model,r2_train,r2_test,mse_test,rmse_test
"Линейная регрессия, числовые признаки",0.6000887021872872,0.5972450380329599,231515053063.73026,481160.1116714999
"Линейная регрессия, стандартизация",0.600088702187288,0.5972450380329584,231515053063.73114,481160.11167150084
"Lasso, числовые признаки",0.6000887021456626,0.5972438240598309,231515750890.1506,481160.83682086034
Lasso + OHE,0.7746051742811526,0.7852933267898872,123419526847.30463,351311.15388968884
Ridge + OHE,0.7745897547785805,0.7855031938395324,123298889274.28098,351139.4157229874
ElasticNet + OHE,0.7355155303698897,0.7413529428678012,148677714271.4361,385587.49236902915
"Линейная регрессия, log(цена)",0.8943753924644364,0.9149388516480564,48895577048.09517,221123.4430088659
"Random Forest, log(цена)",0.9836923147771541,0.9669835715064934,18978785903.262394,137763.51441242488
LightGBM без новых признаков,0.9937184491758999,0.9768711105446823,13295146119.1215,115304.57978381214
LightGBM с новыми признаками,0.99439709592543,0.9774036914850454,12989003386.412031,113969.30896698475
